Workbook

Sheet Project Guide
A1: HR ANALYTICS PROJECT – Employee Attrition & Retention (Excel + Power BI)
A3: OBJECTIVE
A4: Find out how many employees leave, from which departments, when, and why – then recommend actions to improve retention.
A6: FILES / SHEETS
A7: HR_Data – 560 synthetic employee records (practice data, not real people). Columns: EmployeeID, Department, JobRole, Gender, Age, HireDate, ExitDate, Status, Salary, PerformanceRating, SatisfactionScore, Overtime, ExitReason. TenureYears, ExitYear, AgeGroup are formulas.
A8: Analysis – Finished Excel analysis built with formulas (COUNTIFS, AVERAGEIFS) + 2 charts. Compare your own work against this.
A10: PART A – EXCEL TASKS (do these yourself first)
A11: 1. Clean: check blanks, duplicates (Remove Duplicates on EmployeeID), data types for dates.
A12: 2. Add calculated columns: Tenure, Exit Year, Age Group, Salary Band (use IF / IFS).
A13: 3. Build a PivotTable: Department vs Status (Active/Left) → % of Row Total = attrition %.
A14: 4. PivotTable: Exit Year × Department (leavers trend) + a PivotChart.
A15: 5. Drivers: attrition by Overtime, Satisfaction Score, Age Group, Salary Band.
... A45: Data is randomly generated for practice. Leavers before 2021 are not shown in the yearly tables. 2026 figures are year-to-date (as of the date in Analysis!B2), so the 2026 attrition rate is partial.

Sheet Analysis
A1: HR Analytics – Attrition & Retention Analysis
A2: As-of date (input) | B2: 46322
A3: KPI | B3: Value
A4: Total Employees ever | B4: =COUNTA(HR_Data!$A$2:$A$561) -> 560
A5: Active Headcount | B5: =COUNTIFS(HR_Data!$H$2:$H$561,"Active") -> 420
A6: Leavers | B6: =COUNTIFS(HR_Data!$H$2:$H$561,"Left") -> 140
A7: Overall Attrition % | B7: =B6/B4 -> 0.25
A8: Overall Retention % | B8: =1-B7 -> 0.75
A9: Avg Tenure of Leavers (yrs) | B9: =AVERAGEIFS(HR_Data!$N$2:$N$561,HR_Data!$H$2:$H$561,"Left") -> 2.4771429
A11: 1. Department-wise Attrition & Retention
A12: Department | B12: Total Employees | C12: Active | D12: Leavers | E12: Attrition % | F12: Retention % | G12: Avg Salary | H12: Avg Satisfaction | I12: Overtime %
A13: Sales | B13: =COUNTIFS(HR_Data!$B$2:$B$561,A13) -> 110 | C13: =COUNTIFS(HR_Data!$B$2:$B$561,A13,HR_Data!$H$2:$H$561,"Active") -> 70 | D13: =COUNTIFS(HR_Data!$B$2:$B$561,A13,HR_Data!$H$2:$H$561,"Left") -> 40 | E13: =IFERROR(D13/B13,0) -> 0.36363636 | F13: =1-E13 -> 0.63636364 | G13: =AVERAGEIFS(HR_Data!$I$2:$I$561,HR_Data!$B$2:$B$561,A13) -> 61002.727 | H13: =AVERAGEIFS(HR_Data!$K$2:$K$561,HR_Data!$B$2:$B$561,A13) -> 3.1545455 | I13: =COUNTIFS(HR_Data!$B$2:$B$561,A13,HR_Data!$L$2:$L$561,"Yes")/B13 -> 0.45454545
A14: Customer Support | B14: =COUNTIFS(HR_Data!$B$2:$B$561,A14) -> 100 | C14: =COUNTIFS(HR_Data!$B$2:$B$561,A14,HR_Data!$H$2:$H$561,"Active") -> 77 | D14: =COUNTIFS(HR_Data!$B$2:$B$561,A14,HR_Data!$H$2:$H$561,"Left") -> 23 | E14: =IFERROR(D14/B14,0) -> 0.23 | F14: =1-E14 -> 0.77 | G14: =AVERAGEIFS(HR_Data!$I$2:$I$561,HR_Data!$B$2:$B$561,A14) -> 50891 | H14: =AVERAGEIFS(HR_Data!$K$2:$K$561,HR_Data!$B$2:$B$561,A14) -> 3.29 | I14: =COUNTIFS(HR_Data!$B$2:$B$561,A14,HR_Data!$L$2:$L$561,"Yes")/B14 -> 0.3
A15: IT | B15: =COUNTIFS(HR_Data!$B$2:$B$561,A15) -> 90 | C15: =COUNTIFS(HR_Data!$B$2:$B$561,A15,HR_Data!$H$2:$H$561,"Active") -> 71 | D15: =COUNTIFS(HR_Data!$B$2:$B$561,A15,HR_Data!$H$2:$H$561,"Left") -> 19 | E15: =IFERROR(D15/B15,0) -> 0.21111111 | F15: =1-E15 -> 0.78888889 | G15: =AVERAGEIFS(HR_Data!$I$2:$I$561,HR_Data!$B$2:$B$561,A15) -> 107667.78 | H15: =AVERAGEIFS(HR_Data!$K$2:$K$561,HR_Data!$B$2:$B$561,A15) -> 3.3555556 | I15: =COUNTIFS(HR_Data!$B$2:$B$561,A15,HR_Data!$L$2:$L$561,"Yes")/B15 -> 0.3
A16: HR | B16: =COUNTIFS(HR_Data!$B$2:$B$561,A16) -> 35 | C16: =COUNTIFS(HR_Data!$B$2:$B$561,A16,HR_Data!$H$2:$H$561,"Active") -> 24 | D16: =COUNTIFS(HR_Data!$B$2:$B$561,A16,HR_Data!$H$2:$H$561,"Left") -> 11 | E16: =IFERROR(D16/B16,0) -> 0.31428571 | F16: =1-E16 -> 0.68571429 | G16: =AVERAGEIFS(HR_Data!$I$2:$I$561,HR_Data!$B$2:$B$561,A16) -> 71265.714 | H16: =AVERAGEIFS(HR_Data!$K$2:$K$561,HR_Data!$B$2:$B$561,A16) -> 3.1714286 | I16: =COUNTIFS(HR_Data!$B$2:$B$561,A16,HR_Data!$L$2:$L$561,"Yes")/B16 -> 0.51428571
A17: Finance | B17: =COUNTIFS(HR_Data!$B$2:$B$561,A17) -> 60 | C17: =COUNTIFS(HR_Data!$B$2:$B$561,A17,HR_Data!$H$2:$H$561,"Active") -> 53 | D17: =COUNTIFS(HR_Data!$B$2:$B$561,A17,HR_Data!$H$2:$H$561,"Left") -> 7 | E17: =IFERROR(D17/B17,0) -> 0.11666667 | F17: =1-E17 -> 0.88333333 | G17: =AVERAGEIFS(HR_Data!$I$2:$I$561,HR_Data!$B$2:$B$561,A17) -> 81165 | H17: =AVERAGEIFS(HR_Data!$K$2:$K$561,HR_Data!$B$2:$B$561,A17) -> 3.35 | I17: =COUNTIFS(HR_Data!$B$2:$B$561,A17,HR_Data!$L$2:$L$561,"Yes")/B17 -> 0.28333333
A18: Operations | B18: =COUNTIFS(HR_Data!$B$2:$B$561,A18) -> 110 | C18: =COUNTIFS(HR_Data!$B$2:$B$561,A18,HR_Data!$H$2:$H$561,"Active") -> 85 | D18: =COUNTIFS(HR_Data!$B$2:$B$561,A18,HR_Data!$H$2:$H$561,"Left") -> 25 | E18: =IFERROR(D18/B18,0) -> 0.22727273 | F18: =1-E18 -> 0.77272727 | G18: =AVERAGEIFS(HR_Data!$I$2:$I$561,HR_Data!$B$2:$B$561,A18) -> 54377.273 | H18: =AVERAGEIFS(HR_Data!$K$2:$K$561,HR_Data!$B$2:$B$561,A18) -> 3.3545455 | I18: =COUNTIFS(HR_Data!$B$2:$B$561,A18,HR_Data!$L$2:$L$561,"Yes")/B18 -> 0.29090909
A19: Marketing | B19: =COUNTIFS(HR_Data!$B$2:$B$561,A19) -> 55 | C19: =COUNTIFS(HR_Data!$B$2:$B$561,A19,HR_Data!$H$2:$H$561,"Active") -> 40 | D19: =COUNTIFS(HR_Data!$B$2:$B$561,A19,HR_Data!$H$2:$H$561,"Left") -> 15 | E19: =IFERROR(D19/B19,0) -> 0.27272727 | F19: =1-E19 -> 0.72727273 | G19: =AVERAGEIFS(HR_Data!$I$2:$I$561,HR_Data!$B$2:$B$561,A19) -> 72569.091 | H19: =AVERAGEIFS(HR_Data!$K$2:$K$561,HR_Data!$B$2:$B$561,A19) -> 3.3272727 | I19: =COUNTIFS(HR_Data!$B$2:$B$561,A19,HR_Data!$L$2:$L$561,"Yes")/B19 -> 0.27272727
A20: Total | B20: =SUM(B13:B19) -> 560 | C20: =SUM(C13:C19) -> 420 | D20: =SUM(D13:D19) -> 140 | E20: =D20/B20 -> 0.25 | F20: =1-E20 -> 0.75
A23: 2. Leavers by Department & Year (Exit Year Trend)
A24: Department | B24: 2021 | C24: 2022 | D24: 2023 | E24: 2024 | F24: 2025 | G24: 2026 | H24: Total
A25: Sales | B25: =COUNTIFS(HR_Data!$B$2:$B$561,$A25,HR_Data!$O$2:$O$561,B$24) -> 2 | C25: =COUNTIFS(HR_Data!$B$2:$B$561,$A25,HR_Data!$O$2:$O$561,C$24) -> 1 | D25: =COUNTIFS(HR_Data!$B$2:$B$561,$A25,HR_Data!$O$2:$O$561,D$24) -> 3 | E25: =COUNTIFS(HR_Data!$B$2:$B$561,$A25,HR_Data!$O$2:$O$561,E$24) -> 9 | F25: =COUNTIFS(HR_Data!$B$2:$B$561,$A25,HR_Data!$O$2:$O$561,F$24) -> 16 | G25: =COUNTIFS(HR_Data!$B$2:$B$561,$A25,HR_Data!$O$2:$O$561,G$24) -> 9 | H25: =SUM(B25:G25) -> 40
A26: Customer Support | B26: =COUNTIFS(HR_Data!$B$2:$B$561,$A26,HR_Data!$O$2:$O$561,B$24) -> 1 | C26: =COUNTIFS(HR_Data!$B$2:$B$561,$A26,HR_Data!$O$2:$O$561,C$24) -> 1 | D26: =COUNTIFS(HR_Data!$B$2:$B$561,$A26,HR_Data!$O$2:$O$561,D$24) -> 0 | E26: =COUNTIFS(HR_Data!$B$2:$B$561,$A26,HR_Data!$O$2:$O$561,E$24) -> 5 | F26: =COUNTIFS(HR_Data!$B$2:$B$561,$A26,HR_Data!$O$2:$O$561,F$24) -> 6 | G26: =COUNTIFS(HR_Data!$B$2:$B$561,$A26,HR_Data!$O$2:$O$561,G$24) -> 9 | H26: =SUM(B26:G26) -> 22
A27: IT | B27: =COUNTIFS(HR_Data!$B$2:$B$561,$A27,HR_Data!$O$2:$O$561,B$24) -> 0 | C27: =COUNTIFS(HR_Data!$B$2:$B$561,$A27,HR_Data!$O$2:$O$561,C$24) -> 1 | D27: =COUNTIFS(HR_Data!$B$2:$B$561,$A27,HR_Data!$O$2:$O$561,D$24) -> 1 | E27: =COUNTIFS(HR_Data!$B$2:$B$561,$A27,HR_Data!$O$2:$O$561,E$24) -> 2 | F27: =COUNTIFS(HR_Data!$B$2:$B$561,$A27,HR_Data!$O$2:$O$561,F$24) -> 0 | G27: =COUNTIFS(HR_Data!$B$2:$B$561,$A27,HR_Data!$O$2:$O$561,G$24) -> 14 | H27: =SUM(B27:G27) -> 18
A28: HR | B28: =COUNTIFS(HR_Data!$B$2:$B$561,$A28,HR_Data!$O$2:$O$561,B$24) -> 0 | C28: =COUNTIFS(HR_Data!$B$2:$B$561,$A28,HR_Data!$O$2:$O$561,C$24) -> 1 | D28: =COUNTIFS(HR_Data!$B$2:$B$561,$A28,HR_Data!$O$2:$O$561,D$24) -> 0 | E28: =COUNTIFS(HR_Data!$B$2:$B$561,$A28,HR_Data!$O$2:$O$561,E$24) -> 1 | F28: =COUNTIFS(HR_Data!$B$2:$B$561,$A28,HR_Data!$O$2:$O$561,F$24) -> 4 | G28: =COUNTIFS(HR_Data!$B$2:$B$561,$A28,HR_Data!$O$2:$O$561,G$24) -> 4 | H28: =SUM(B28:G28) -> 10
A29: Finance | B29: =COUNTIFS(HR_Data!$B$2:$B$561,$A29,HR_Data!$O$2:$O$561,B$24) -> 0 | C29: =COUNTIFS(HR_Data!$B$2:$B$561,$A29,HR_Data!$O$2:$O$561,C$24) -> 0 | D29: =COUNTIFS(HR_Data!$B$2:$B$561,$A29,HR_Data!$O$2:$O$561,D$24) -> 1 | E29: =COUNTIFS(HR_Data!$B$2:$B$561,$A29,HR_Data!$O$2:$O$561,E$24) -> 2 | F29: =COUNTIFS(HR_Data!$B$2:$B$561,$A29,HR_Data!$O$2:$O$561,F$24) -> 1 | G29: =COUNTIFS(HR_Data!$B$2:$B$561,$A29,HR_Data!$O$2:$O$561,G$24) -> 3 | H29: =SUM(B29:G29) -> 7
A30: Operations | B30: =COUNTIFS(HR_Data!$B$2:$B$561,$A30,HR_Data!$O$2:$O$561,B$24) -> 1 | C30: =COUNTIFS(HR_Data!$B$2:$B$561,$A30,HR_Data!$O$2:$O$561,C$24) -> 2 | D30: =COUNTIFS(HR_Data!$B$2:$B$561,$A30,HR_Data!$O$2:$O$561,D$24) -> 2 | E30: =COUNTIFS(HR_Data!$B$2:$B$561,$A30,HR_Data!$O$2:$O$561,E$24) -> 3 | F30: =COUNTIFS(HR_Data!$B$2:$B$561,$A30,HR_Data!$O$2:$O$561,F$24) -> 2 | G30: =COUNTIFS(HR_Data!$B$2:$B$561,$A30,HR_Data!$O$2:$O$561,G$24) -> 13 | H30: =SUM(B30:G30) -> 23
A31: Marketing | B31: =COUNTIFS(HR_Data!$B$2:$B$561,$A31,HR_Data!$O$2:$O$561,B$24) -> 1 | C31: =COUNTIFS(HR_Data!$B$2:$B$561,$A31,HR_Data!$O$2:$O$561,C$24) -> 1 | D31: =COUNTIFS(HR_Data!$B$2:$B$561,$A31,HR_Data!$O$2:$O$561,D$24) -> 3 | E31: =COUNTIFS(HR_Data!$B$2:$B$561,$A31,HR_Data!$O$2:$O$561,E$24) -> 5 | F31: =COUNTIFS(HR_Data!$B$2:$B$561,$A31,HR_Data!$O$2:$O$561,F$24) -> 2 | G31: =COUNTIFS(HR_Data!$B$2:$B$561,$A31,HR_Data!$O$2:$O$561,G$24) -> 3 | H31: =SUM(B31:G31) -> 15
A32: Total | B32: =SUM(B25:B31) -> 5 | C32: =SUM(C25:C31) -> 7 | D32: =SUM(D25:D31) -> 10 | E32: =SUM(E25:E31) -> 27 | F32: =SUM(F25:F31) -> 31 | G32: =SUM(G25:G31) -> 55 | H32: =SUM(H25:H31) -> 135
A35: 3. Annual Attrition Rate % by Department (Leavers ÷ Headcount at 1-Jan; 2026 is year-to-date)
A36: Department | B36: 2021 | C36: 2022 | D36: 2023 | E36: 2024 | F36: 2025 | G36: 2026
A37: Sales | B37: =IFERROR(B25/(COUNTIFS(HR_Data!$B$2:$B$561,$A37,HR_Data!$F$2:$F$561,"<"&DATE(B$36,1,1))-COUNTIFS(HR_Data!$B$2:$B$561,$A37,HR_Data!$G$2:$G$561,"<"&DATE(B$36,1,1))),0) -> 0.055555556 | C37: =IFERROR(C25/(COUNTIFS(HR_Data!$B$2:$B$561,$A37,HR_Data!$F$2:$F$561,"<"&DATE(C$36,1,1))-COUNTIFS(HR_Data!$B$2:$B$561,$A37,HR_Data!$G$2:$G$561,"<"&DATE(C$36,1,1))),0) -> 0.022222222 | D37: =IFERROR(D25/(COUNTIFS(HR_Data!$B$2:$B$561,$A37,HR_Data!$F$2:$F$561,"<"&DATE(D$36,1,1))-COUNTIFS(HR_Data!$B$2:$B$561,$A37,HR_Data!$G$2:$G$561,"<"&DATE(D$36,1,1))),0) -> 0.051724138 | E37: =IFERROR(E25/(COUNTIFS(HR_Data!$B$2:$B$561,$A37,HR_Data!$F$2:$F$561,"<"&DATE(E$36,1,1))-COUNTIFS(HR_Data!$B$2:$B$561,$A37,HR_Data!$G$2:$G$561,"<"&DATE(E$36,1,1))),0) -> 0.13043478 | F37: =IFERROR(F25/(COUNTIFS(HR_Data!$B$2:$B$561,$A37,HR_Data!$F$2:$F$561,"<"&DATE(F$36,1,1))-COUNTIFS(HR_Data!$B$2:$B$561,$A37,HR_Data!$G$2:$G$561,"<"&DATE(F$36,1,1))),0) -> 0.21917808 | G37: =IFERROR(G25/(COUNTIFS(HR_Data!$B$2:$B$561,$A37,HR_Data!$F$2:$F$561,"<"&DATE(G$36,1,1))-COUNTIFS(HR_Data!$B$2:$B$561,$A37,HR_Data!$G$2:$G$561,"<"&DATE(G$36,1,1))),0) -> 0.12
A38: Customer Support | B38: =IFERROR(B26/(COUNTIFS(HR_Data!$B$2:$B$561,$A38,HR_Data!$F$2:$F$561,"<"&DATE(B$36,1,1))-COUNTIFS(HR_Data!$B$2:$B$561,$A38,HR_Data!$G$2:$G$561,"<"&DATE(B$36,1,1))),0) -> 0.032258065 | C38: =IFERROR(C26/(COUNTIFS(HR_Data!$B$2:$B$561,$A38,HR_Data!$F$2:$F$561,"<"&DATE(C$36,1,1))-COUNTIFS(HR_Data!$B$2:$B$561,$A38,HR_Data!$G$2:$G$561,"<"&DATE(C$36,1,1))),0) -> 0.023809524 | D38: =IFERROR(D26/(COUNTIFS(HR_Data!$B$2:$B$561,$A38,HR_Data!$F$2:$F$561,"<"&DATE(D$36,1,1))-COUNTIFS(HR_Data!$B$2:$B$561,$A38,HR_Data!$G$2:$G$561,"<"&DATE(D$36,1,1))),0) -> 0 | E38: =IFERROR(E26/(COUNTIFS(HR_Data!$B$2:$B$561,$A38,HR_Data!$F$2:$F$561,"<"&DATE(E$36,1,1))-COUNTIFS(HR_Data!$B$2:$B$561,$A38,HR_Data!$G$2:$G$561,"<"&DATE(E$36,1,1))),0) -> 0.072463768 | F38: =IFERROR(F26/(COUNTIFS(HR_Data!$B$2:$B$561,$A38,HR_Data!$F$2:$F$561,"<"&DATE(F$36,1,1))-COUNTIFS(HR_Data!$B$2:$B$561,$A38,HR_Data!$G$2:$G$561,"<"&DATE(F$36,1,1))),0) -> 0.08 | G38: =IFERROR(G26/(COUNTIFS(HR_Data!$B$2:$B$561,$A38,HR_Data!$F$2:$F$561,"<"&DATE(G$36,1,1))-COUNTIFS(HR_Data!$B$2:$B$561,$A38,HR_Data!$G$2:$G$561,"<"&DATE(G$36,1,1))),0) -> 0.11538462
A39: IT | B39: =IFERROR(B27/(COUNTIFS(HR_Data!$B$2:$B$561,$A39,HR_Data!$F$2:$F$561,"<"&DATE(B$36,1,1))-COUNTIFS(HR_Data!$B$2:$B$561,$A39,HR_Data!$G$2:$G$561,"<"&DATE(B$36,1,1))),0) -> 0 | C39: =IFERROR(C27/(COUNTIFS(HR_Data!$B$2:$B$561,$A39,HR_Data!$F$2:$F$561,"<"&DATE(C$36,1,1))-COUNTIFS(HR_Data!$B$2:$B$561,$A39,HR_Data!$G$2:$G$561,"<"&DATE(C$36,1,1))),0) -> 0.025 | D39: =IFERROR(D27/(COUNTIFS(HR_Data!$B$2:$B$561,$A39,HR_Data!$F$2:$F$561,"<"&DATE(D$36,1,1))-COUNTIFS(HR_Data!$B$2:$B$561,$A39,HR_Data!$G$2:$G$561,"<"&DATE(D$36,1,1))),0) -> 0.02173913 | E39: =IFERROR(E27/(COUNTIFS(HR_Data!$B$2:$B$561,$A39,HR_Data!$F$2:$F$561,"<"&DATE(E$36,1,1))-COUNTIFS(HR_Data!$B$2:$B$561,$A39,HR_Data!$G$2:$G$561,"<"&DATE(E$36,1,1))),0) -> 0.039215686 | F39: =IFERROR(F27/(COUNTIFS(HR_Data!$B$2:$B$561,$A39,HR_Data!$F$2:$F$561,"<"&DATE(F$36,1,1))-COUNTIFS(HR_Data!$B$2:$B$561,$A39,HR_Data!$G$2:$G$561,"<"&DATE(F$36,1,1))),0) -> 0 | G39: =IFERROR(G27/(COUNTIFS(HR_Data!$B$2:$B$561,$A39,HR_Data!$F$2:$F$561,"<"&DATE(G$36,1,1))-COUNTIFS(HR_Data!$B$2:$B$561,$A39,HR_Data!$G$2:$G$561,"<"&DATE(G$36,1,1))),0) -> 0.18666667
A40: HR | B40: =IFERROR(B28/(COUNTIFS(HR_Data!$B$2:$B$561,$A40,HR_Data!$F$2:$F$561,"<"&DATE(B$36,1,1))-COUNTIFS(HR_Data!$B$2:$B$561,$A40,HR_Data!$G$2:$G$561,"<"&DATE(B$36,1,1))),0) -> 0 | C40: =IFERROR(C28/(COUNTIFS(HR_Data!$B$2:$B$561,$A40,HR_Data!$F$2:$F$561,"<"&DATE(C$36,1,1))-COUNTIFS(HR_Data!$B$2:$B$561,$A40,HR_Data!$G$2:$G$561,"<"&DATE(C$36,1,1))),0) -> 0.0625 | D40: =IFERROR(D28/(COUNTIFS(HR_Data!$B$2:$B$561,$A40,HR_Data!$F$2:$F$561,"<"&DATE(D$36,1,1))-COUNTIFS(HR_Data!$B$2:$B$561,$A40,HR_Data!$G$2:$G$561,"<"&DATE(D$36,1,1))),0) -> 0 | E40: =IFERROR(E28/(COUNTIFS(HR_Data!$B$2:$B$561,$A40,HR_Data!$F$2:$F$561,"<"&DATE(E$36,1,1))-COUNTIFS(HR_Data!$B$2:$B$561,$A40,HR_Data!$G$2:$G$561,"<"&DATE(E$36,1,1))),0) -> 0.055555556 | F40: =IFERROR(F28/(COUNTIFS(HR_Data!$B$2:$B$561,$A40,HR_Data!$F$2:$F$561,"<"&DATE(F$36,1,1))-COUNTIFS(HR_Data!$B$2:$B$561,$A40,HR_Data!$G$2:$G$561,"<"&DATE(F$36,1,1))),0) -> 0.19047619 | G40: =IFERROR(G28/(COUNTIFS(HR_Data!$B$2:$B$561,$A40,HR_Data!$F$2:$F$561,"<"&DATE(G$36,1,1))-COUNTIFS(HR_Data!$B$2:$B$561,$A40,HR_Data!$G$2:$G$561,"<"&DATE(G$36,1,1))),0) -> 0.16666667
A41: Finance | B41: =IFERROR(B29/(COUNTIFS(HR_Data!$B$2:$B$561,$A41,HR_Data!$F$2:$F$561,"<"&DATE(B$36,1,1))-COUNTIFS(HR_Data!$B$2:$B$561,$A41,HR_Data!$G$2:$G$561,"<"&DATE(B$36,1,1))),0) -> 0 | C41: =IFERROR(C29/(COUNTIFS(HR_Data!$B$2:$B$561,$A41,HR_Data!$F$2:$F$561,"<"&DATE(C$36,1,1))-COUNTIFS(HR_Data!$B$2:$B$561,$A41,HR_Data!$G$2:$G$561,"<"&DATE(C$36,1,1))),0) -> 0 | D41: =IFERROR(D29/(COUNTIFS(HR_Data!$B$2:$B$561,$A41,HR_Data!$F$2:$F$561,"<"&DATE(D$36,1,1))-COUNTIFS(HR_Data!$B$2:$B$561,$A41,HR_Data!$G$2:$G$561,"<"&DATE(D$36,1,1))),0) -> 0.03125 | E41: =IFERROR(E29/(COUNTIFS(HR_Data!$B$2:$B$561,$A41,HR_Data!$F$2:$F$561,"<"&DATE(E$36,1,1))-COUNTIFS(HR_Data!$B$2:$B$561,$A41,HR_Data!$G$2:$G$561,"<"&DATE(E$36,1,1))),0) -> 0.051282051 | F41: =IFERROR(F29/(COUNTIFS(HR_Data!$B$2:$B$561,$A41,HR_Data!$F$2:$F$561,"<"&DATE(F$36,1,1))-COUNTIFS(HR_Data!$B$2:$B$561,$A41,HR_Data!$G$2:$G$561,"<"&DATE(F$36,1,1))),0) -> 0.025 | G41: =IFERROR(G29/(COUNTIFS(HR_Data!$B$2:$B$561,$A41,HR_Data!$F$2:$F$561,"<"&DATE(G$36,1,1))-COUNTIFS(HR_Data!$B$2:$B$561,$A41,HR_Data!$G$2:$G$561,"<"&DATE(G$36,1,1))),0) -> 0.06
A42: Operations | B42: =IFERROR(B30/(COUNTIFS(HR_Data!$B$2:$B$561,$A42,HR_Data!$F$2:$F$561,"<"&DATE(B$36,1,1))-COUNTIFS(HR_Data!$B$2:$B$561,$A42,HR_Data!$G$2:$G$561,"<"&DATE(B$36,1,1))),0) -> 0.027027027 | C42: =IFERROR(C30/(COUNTIFS(HR_Data!$B$2:$B$561,$A42,HR_Data!$F$2:$F$561,"<"&DATE(C$36,1,1))-COUNTIFS(HR_Data!$B$2:$B$561,$A42,HR_Data!$G$2:$G$561,"<"&DATE(C$36,1,1))),0) -> 0.042553191 | D42: =IFERROR(D30/(COUNTIFS(HR_Data!$B$2:$B$561,$A42,HR_Data!$F$2:$F$561,"<"&DATE(D$36,1,1))-COUNTIFS(HR_Data!$B$2:$B$561,$A42,HR_Data!$G$2:$G$561,"<"&DATE(D$36,1,1))),0) -> 0.037037037 | E42: =IFERROR(E30/(COUNTIFS(HR_Data!$B$2:$B$561,$A42,HR_Data!$F$2:$F$561,"<"&DATE(E$36,1,1))-COUNTIFS(HR_Data!$B$2:$B$561,$A42,HR_Data!$G$2:$G$561,"<"&DATE(E$36,1,1))),0) -> 0.041666667 | F42: =IFERROR(F30/(COUNTIFS(HR_Data!$B$2:$B$561,$A42,HR_Data!$F$2:$F$561,"<"&DATE(F$36,1,1))-COUNTIFS(HR_Data!$B$2:$B$561,$A42,HR_Data!$G$2:$G$561,"<"&DATE(F$36,1,1))),0) -> 0.024691358 | G42: =IFERROR(G30/(COUNTIFS(HR_Data!$B$2:$B$561,$A42,HR_Data!$F$2:$F$561,"<"&DATE(G$36,1,1))-COUNTIFS(HR_Data!$B$2:$B$561,$A42,HR_Data!$G$2:$G$561,"<"&DATE(G$36,1,1))),0) -> 0.14606742
A43: Marketing | B43: =IFERROR(B31/(COUNTIFS(HR_Data!$B$2:$B$561,$A43,HR_Data!$F$2:$F$561,"<"&DATE(B$36,1,1))-COUNTIFS(HR_Data!$B$2:$B$561,$A43,HR_Data!$G$2:$G$561,"<"&DATE(B$36,1,1))),0) -> 0.0625 | C43: =IFERROR(C31/(COUNTIFS(HR_Data!$B$2:$B$561,$A43,HR_Data!$F$2:$F$561,"<"&DATE(C$36,1,1))-COUNTIFS(HR_Data!$B$2:$B$561,$A43,HR_Data!$G$2:$G$561,"<"&DATE(C$36,1,1))),0) -> 0.047619048 | D43: =IFERROR(D31/(COUNTIFS(HR_Data!$B$2:$B$561,$A43,HR_Data!$F$2:$F$561,"<"&DATE(D$36,1,1))-COUNTIFS(HR_Data!$B$2:$B$561,$A43,HR_Data!$G$2:$G$561,"<"&DATE(D$36,1,1))),0) -> 0.11111111 | E43: =IFERROR(E31/(COUNTIFS(HR_Data!$B$2:$B$561,$A43,HR_Data!$F$2:$F$561,"<"&DATE(E$36,1,1))-COUNTIFS(HR_Data!$B$2:$B$561,$A43,HR_Data!$G$2:$G$561,"<"&DATE(E$36,1,1))),0) -> 0.14705882 | F43: =IFERROR(F31/(COUNTIFS(HR_Data!$B$2:$B$561,$A43,HR_Data!$F$2:$F$561,"<"&DATE(F$36,1,1))-COUNTIFS(HR_Data!$B$2:$B$561,$A43,HR_Data!$G$2:$G$561,"<"&DATE(F$36,1,1))),0) -> 0.054054054 | G43: =IFERROR(G31/(COUNTIFS(HR_Data!$B$2:$B$561,$A43,HR_Data!$F$2:$F$561,"<"&DATE(G$36,1,1))-COUNTIFS(HR_Data!$B$2:$B$561,$A43,HR_Data!$G$2:$G$561,"<"&DATE(G$36,1,1))),0) -> 0.075
A46: 4. Attrition Drivers
A47: Overtime | B47: Employees | C47: Leavers | D47: Attrition %
A48: Yes | B48: =COUNTIFS(HR_Data!$L$2:$L$561,A48) -> 189 | C48: =COUNTIFS(HR_Data!$L$2:$L$561,A48,HR_Data!$H$2:$H$561,"Left") -> 70 | D48: =C48/B48 -> 0.37037037
A49: No | B49: =COUNTIFS(HR_Data!$L$2:$L$561,A49) -> 371 | C49: =COUNTIFS(HR_Data!$L$2:$L$561,A49,HR_Data!$H$2:$H$561,"Left") -> 70 | D49: =C49/B49 -> 0.18867925
A52: Satisfaction Score | B52: Employees | C52: Leavers | D52: Attrition %
A53: 1 | B53: =COUNTIFS(HR_Data!$K$2:$K$561,A53) -> 39 | C53: =COUNTIFS(HR_Data!$K$2:$K$561,A53,HR_Data!$H$2:$H$561,"Left") -> 14 | D53: =IFERROR(C53/B53,0) -> 0.35897436
A54: 2 | B54: =COUNTIFS(HR_Data!$K$2:$K$561,A54) -> 89 | C54: =COUNTIFS(HR_Data!$K$2:$K$561,A54,HR_Data!$H$2:$H$561,"Left") -> 41 | D54: =IFERROR(C54/B54,0) -> 0.46067416
A55: 3 | B55: =COUNTIFS(HR_Data!$K$2:$K$561,A55) -> 191 | C55: =COUNTIFS(HR_Data!$K$2:$K$561,A55,HR_Data!$H$2:$H$561,"Left") -> 45 | D55: =IFERROR(C55/B55,0) -> 0.23560209
A56: 4 | B56: =COUNTIFS(HR_Data!$K$2:$K$561,A56) -> 153 | C56: =COUNTIFS(HR_Data!$K$2:$K$561,A56,HR_Data!$H$2:$H$561,"Left") -> 24 | D56: =IFERROR(C56/B56,0) -> 0.15686275
A57: 5 | B57: =COUNTIFS(HR_Data!$K$2:$K$561,A57) -> 88 | C57: =COUNTIFS(HR_Data!$K$2:$K$561,A57,HR_Data!$H$2:$H$561,"Left") -> 16 | D57: =IFERROR(C57/B57,0) -> 0.18181818
A60: Age Group | B60: Employees | C60: Leavers | D60: Attrition %
A61: <30 | B61: =COUNTIFS(HR_Data!$P$2:$P$561,A61) -> 0 | C61: =COUNTIFS(HR_Data!$P$2:$P$561,A61,HR_Data!$H$2:$H$561,"Left") -> 0 | D61: =IFERROR(C61/B61,0) -> 0
A62: 30-39 | B62: =COUNTIFS(HR_Data!$P$2:$P$561,A62) -> 271 | C62: =COUNTIFS(HR_Data!$P$2:$P$561,A62,HR_Data!$H$2:$H$561,"Left") -> 70 | D62: =IFERROR(C62/B62,0) -> 0.25830258
A63: 40+ | B63: =COUNTIFS(HR_Data!$P$2:$P$561,A63) -> 79 | C63: =COUNTIFS(HR_Data!$P$2:$P$561,A63,HR_Data!$H$2:$H$561,"Left") -> 19 | D63: =IFERROR(C63/B63,0) -> 0.24050633
A67: Exit Reason | B67: Leavers | C67: % of Leavers
A68: Better Salary Elsewhere | B68: =COUNTIFS(HR_Data!$M$2:$M$561,A68) -> 22 | C68: =B68/$B$6 -> 0.15714286
A69: Career Growth | B69: =COUNTIFS(HR_Data!$M$2:$M$561,A69) -> 34 | C69: =B69/$B$6 -> 0.24285714
A70: Work-Life Balance | B70: =COUNTIFS(HR_Data!$M$2:$M$561,A70) -> 36 | C70: =B70/$B$6 -> 0.25714286
A71: Relocation | B71: =COUNTIFS(HR_Data!$M$2:$M$561,A71) -> 17 | C71: =B71/$B$6 -> 0.12142857
A72: Manager Issues | B72: =COUNTIFS(HR_Data!$M$2:$M$561,A72) -> 11 | C72: =B72/$B$6 -> 0.078571429
A73: Higher Studies | B73: =COUNTIFS(HR_Data!$M$2:$M$561,A73) -> 12 | C73: =B73/$B$6 -> 0.085714286
A74: Personal Reasons | B74: =COUNTIFS(HR_Data!$M$2:$M$561,A74) -> 8 | C74: =B74/$B$6 -> 0.057142857

Sheet HR_Data
A1: EmployeeID | B1: Department | C1: JobRole | D1: Gender | E1: Age | F1: HireDate | G1: ExitDate | H1: Status | I1: Salary | J1: PerformanceRating | K1: SatisfactionScore | L1: Overtime | M1: ExitReason | N1: TenureYears | O1: ExitYear | P1: AgeGroup
A2: E1204 | B2: Customer Support | C2: Support Agent | D2: Male | E2: 28 | F2: 45619 | H2: Active | I2: 31400 | J2: 1 | K2: 5 | L2: No | N2: =ROUND((IF(G2="",Analysis!$B$2,G2)-F2)/365.25,1) -> 1.9 | O2: =IF(G2="","",YEAR(G2)) | P2: =IF(E2<30,"<30",IF(E2<40,"30-39","40+")) -> <30
A3: E1188 | B3: Customer Support | C3: Support Agent | D3: Male | E3: 50 | F3: 45292 | H3: Active | I3: 35900 | J3: 1 | K3: 5 | L3: No | N3: =ROUND((IF(G3="",Analysis!$B$2,G3)-F3)/365.25,1) -> 2.8 | O3: =IF(G3="","",YEAR(G3)) | P3: =IF(E3<30,"<30",IF(E3<40,"30-39","40+")) -> 40+
A4: E1491 | B4: Operations | C4: Operations Associate | D4: Female | E4: 27 | F4: 44686 | H4: Active | I4: 38800 | J4: 1 | K4: 4 | L4: No | N4: =ROUND((IF(G4="",Analysis!$B$2,G4)-F4)/365.25,1) -> 4.5 | O4: =IF(G4="","",YEAR(G4)) | P4: =IF(E4<30,"<30",IF(E4<40,"30-39","40+")) -> <30
A5: E1085 | B5: Sales | C5: Sales Executive | D5: Female | E5: 41 | F5: 44904 | H5: Active | I5: 39400 | J5: 1 | K5: 5 | L5: Yes | N5: =ROUND((IF(G5="",Analysis!$B$2,G5)-F5)/365.25,1) -> 3.9 | O5: =IF(G5="","",YEAR(G5)) | P5: =IF(E5<30,"<30",IF(E5<40,"30-39","40+")) -> 40+
A6: E1451 | B6: Operations | C6: Operations Associate | D6: Male | E6: 38 | F6: 43180 | H6: Active | I6: 44000 | J6: 1 | K6: 5 | L6: Yes | N6: =ROUND((IF(G6="",Analysis!$B$2,G6)-F6)/365.25,1) -> 8.6 | O6: =IF(G6="","",YEAR(G6)) | P6: =IF(E6<30,"<30",IF(E6<40,"30-39","40+")) -> 30-39
A7: E1030 | B7: Sales | C7: Sales Executive | D7: Female | E7: 21 | F7: 45699 | H7: Active | I7: 48300 | J7: 1 | K7: 3 | L7: No | N7: =ROUND((IF(G7="",Analysis!$B$2,G7)-F7)/365.25,1) -> 1.7 | O7: =IF(G7="","",YEAR(G7)) | P7: =IF(E7<30,"<30",IF(E7<40,"30-39","40+")) -> <30
A8: E1426 | B8: Operations | C8: Supervisor | D8: Male | E8: 34 | F8: 44790 | G8: 46259 | H8: Left | I8: 50600 | J8: 1 | K8: 3 | L8: No | M8: Higher Studies | N8: =ROUND((IF(G8="",Analysis!$B$2,G8)-F8)/365.25,1) -> 4 | O8: =IF(G8="","",YEAR(G8)) -> 2026 | P8: =IF(E8<30,"<30",IF(E8<40,"30-39","40+")) -> 30-39
A9: E1371 | B9: Finance | C9: Accountant | D9: Female | E9: 39 | F9: 44831 | H9: Active | I9: 54700 | J9: 1 | K9: 3 | L9: No | N9: =ROUND((IF(G9="",Analysis!$B$2,G9)-F9)/365.25,1) -> 4.1 | O9: =IF(G9="","",YEAR(G9)) | P9: =IF(E9<30,"<30",IF(E9<40,"30-39","40+")) -> 30-39
A10: E1055 | B10: Sales | C10: Account Manager | D10: Male | E10: 29 | F10: 43771 | H10: Active | I10: 60100 | J10: 1 | K10: 2 | L10: No | N10: =ROUND((IF(G10="",Analysis!$B$2,G10)-F10)/365.25,1) -> 7 | O10: =IF(G10="","",YEAR(G10)) | P10: =IF(E10<30,"<30",IF(E10<40,"30-39","40+")) -> <30
A11: E1120 | B11: Customer Support | C11: Support Analyst | D11: Female | E11: 37 | F11: 46231 | G11: 46321 | H11: Left | I11: 61200 | J11: 1 | K11: 3 | L11: Yes | M11: Manager Issues | N11: =ROUND((IF(G11="",Analysis!$B$2,G11)-F11)/365.25,1) -> 0.2 | O11: =IF(G11="","",YEAR(G11)) -> 2026 | P11: =IF(E11<30,"<30",IF(E11<40,"30-39","40+")) -> 30-39
A12: E1360 | B12: Finance | C12: Accountant | D12: Male | E12: 31 | F12: 44753 | H12: Active | I12: 65400 | J12: 1 | K12: 4 | L12: No | N12: =ROUND((IF(G12="",Analysis!$B$2,G12)-F12)/365.25,1) -> 4.3 | O12: =IF(G12="","",YEAR(G12)) | P12: =IF(E12<30,"<30",IF(E12<40,"30-39","40+")) -> 30-39
A13: E1050 | B13: Sales | C13: Account Manager | D13: Female | E13: 39 | F13: 45100 | H13: Active | I13: 65900 | J13: 1 | K13: 3 | L13: Yes | N13: =ROUND((IF(G13="",Analysis!$B$2,G13)-F13)/365.25,1) -> 3.3 | O13: =IF(G13="","",YEAR(G13)) | P13: =IF(E13<30,"<30",IF(E13<40,"30-39","40+")) -> 30-39
A14: E1512 | B14: Marketing | C14: Content Specialist | D14: Female | E14: 42 | F14: 44966 | H14: Active | I14: 67600 | J14: 1 | K14: 3 | L14: No | N14: =ROUND((IF(G14="",Analysis!$B$2,G14)-F14)/365.25,1) -> 3.7 | O14: =IF(G14="","",YEAR(G14)) | P14: =IF(E14<30,"<30",IF(E14<40,"30-39","40+")) -> 40+
A15: E1409 | B15: Operations | C15: Logistics Coordinator | D15: Male | E15: 21 | F15: 44042 | G15: 44526 | H15: Left | I15: 67800 | J15: 1 | K15: 2 | L15: No | M15: Better Salary Elsewhere | N15: =ROUND((IF(G15="",Analysis!$B$2,G15)-F15)/365.25,1) -> 1.3 | O15: =IF(G15="","",YEAR(G15)) -> 2021 | P15: =IF(E15<30,"<30",IF(E15<40,"30-39","40+")) -> <30
A16: E1088 | B16: Sales | C16: Account Manager | D16: Female | E16: 32 | F16: 44918 | G16: 45775 | H16: Left | I16: 68600 | J16: 1 | K16: 3 | L16: Yes | M16: Relocation | N16: =ROUND((IF(G16="",Analysis!$B$2,G16)-F16)/365.25,1) -> 2.3 | O16: =IF(G16="","",YEAR(G16)) -> 2025 | P16: =IF(E16<30,"<30",IF(E16<40,"30-39","40+")) -> 30-39
A17: E1090 | B17: Sales | C17: Account Manager | D17: Female | E17: 28 | F17: 45713 | H17: Active | I17: 70800 | J17: 1 | K17: 3 | L17: Yes | N17: =ROUND((IF(G17="",Analysis!$B$2,G17)-F17)/365.25,1) -> 1.7 | O17: =IF(G17="","",YEAR(G17)) | P17: =IF(E17<30,"<30",IF(E17<40,"30-39","40+")) -> <30
A18: E1401 | B18: Operations | C18: Logistics Coordinator | D18: Male | E18: 31 | F18: 45024 | H18: Active | I18: 72900 | J18: 1 | K18: 5 | L18: No | N18: =ROUND((IF(G18="",Analysis!$B$2,G18)-F18)/365.25,1) -> 3.6 | O18: =IF(G18="","",YEAR(G18)) | P18: =IF(E18<30,"<30",IF(E18<40,"30-39","40+")) -> 30-39
A19: E1350 | B19: Finance | C19: Financial Analyst | D19: Male | E19: 21 | F19: 43306 | H19: Active | I19: 76400 | J19: 1 | K19: 2 | L19: Yes | N19: =ROUND((IF(G19="",Analysis!$B$2,G19)-F19)/365.25,1) -> 8.3 | O19: =IF(G19="","",YEAR(G19)) | P19: =IF(E19<30,"<30",IF(E19<40,"30-39","40+")) -> <30
A20: E1351 | B20: Finance | C20: Financial Analyst | D20: Male | E20: 39 | F20: 43490 | H20: Active | I20: 76400 | J20: 1 | K20: 5 | L20: No | N20: =ROUND((IF(G20="",Analysis!$B$2,G20)-F20)/365.25,1) -> 7.8 | O20: =IF(G20="","",YEAR(G20)) | P20: =IF(E20<30,"<30",IF(E20<40,"30-39","40+")) -> 30-39
A21: E1425 | B21: Operations | C21: Logistics Coordinator | D21: Female | E21: 34 | F21: 45892 | H21: Active | I21: 76600 | J21: 1 | K21: 4 | L21: No | N21: =ROUND((IF(G21="",Analysis!$B$2,G21)-F21)/365.25,1) -> 1.2 | O21: =IF(G21="","",YEAR(G21)) | P21: =IF(E21<30,"<30",IF(E21<40,"30-39","40+")) -> 30-39
A22: E1258 | B22: IT | C22: Software Engineer | D22: Female | E22: 34 | F22: 44963 | H22: Active | I22: 77400 | J22: 1 | K22: 3 | L22: No | N22: =ROUND((IF(G22="",Analysis!$B$2,G22)-F22)/365.25,1) -> 3.7 | O22: =IF(G22="","",YEAR(G22)) | P22: =IF(E22<30,"<30",IF(E22<40,"30-39","40+")) -> 30-39
A23: E1263 | B23: IT | C23: Data Analyst | D23: Other | E23: 29 | F23: 44859 | H23: Active | I23: 97500 | J23: 1 | K23: 4 | L23: No | N23: =ROUND((IF(G23="",Analysis!$B$2,G23)-F23)/365.25,1) -> 4 | O23: =IF(G23="","",YEAR(G23)) | P23: =IF(E23<30,"<30",IF(E23<40,"30-39","40+")) -> <30
A24: E1377 | B24: Finance | C24: Finance Manager | D24: Female | E24: 41 | F24: 44454 | H24: Active | I24: 105100 | J24: 1 | K24: 5 | L24: No | N24: =ROUND((IF(G24="",Analysis!$B$2,G24)-F24)/365.25,1) -> 5.1 | O24: =IF(G24="","",YEAR(G24)) | P24: =IF(E24<30,"<30",IF(E24<40,"30-39","40+")) -> 40+
A25: E1271 | B25: IT | C25: IT Support | D25: Female | E25: 44 | F25: 45506 | H25: Active | I25: 127300 | J25: 1 | K25: 3 | L25: Yes | N25: =ROUND((IF(G25="",Analysis!$B$2,G25)-F25)/365.25,1) -> 2.2 | O25: =IF(G25="","",YEAR(G25)) | P25: =IF(E25<30,"<30",IF(E25<40,"30-39","40+")) -> 40+
A26: E1276 | B26: IT | C26: DevOps Engineer | D26: Female | E26: 30 | F26: 46103 | G26: 46212 | H26: Left | I26: 135600 | J26: 1 | K26: 4 | L26: No | M26: Relocation | N26: =ROUND((IF(G26="",Analysis!$B$2,G26)-F26)/365.25,1) -> 0.3 | O26: =IF(G26="","",YEAR(G26)) -> 2026 | P26: =IF(E26<30,"<30",IF(E26<40,"30-39","40+")) -> 30-39
A27: E1186 | B27: Customer Support | C27: Support Agent | D27: Female | E27: 36 | F27: 43511 | H27: Active | I27: 30700 | J27: 2 | K27: 4 | L27: No | N27: =ROUND((IF(G27="",Analysis!$B$2,G27)-F27)/365.25,1) -> 7.7 | O27: =IF(G27="","",YEAR(G27)) | P27: =IF(E27<30,"<30",IF(E27<40,"30-39","40+")) -> 30-39
A28: E1144 | B28: Customer Support | C28: Support Agent | D28: Male | E28: 33 | F28: 43556 | H28: Active | I28: 35900 | J28: 2 | K28: 2 | L28: No | N28: =ROUND((IF(G28="",Analysis!$B$2,G28)-F28)/365.25,1) -> 7.6 | O28: =IF(G28="","",YEAR(G28)) | P28: =IF(E28<30,"<30",IF(E28<40,"30-39","40+")) -> 30-39
A29: E1418 | B29: Operations | C29: Operations Associate | D29: Female | E29: 22 | F29: 45032 | H29: Active | I29: 39200 | J29: 2 | K29: 3 | L29: No | N29: =ROUND((IF(G29="",Analysis!$B$2,G29)-F29)/365.25,1) -> 3.5 | O29: =IF(G29="","",YEAR(G29)) | P29: =IF(E29<30,"<30",IF(E29<40,"30-39","40+")) -> <30
A30: E1416 | B30: Operations | C30: Operations Associate | D30: Male | E30: 31 | F30: 46114 | H30: Active | I30: 40300 | J30: 2 | K30: 5 | L30: Yes | N30: =ROUND((IF(G30="",Analysis!$B$2,G30)-F30)/365.25,1) -> 0.6 | O30: =IF(G30="","",YEAR(G30)) | P30: =IF(E30<30,"<30",IF(E30<40,"30-39","40+")) -> 30-39
A31: E1042 | B31: Sales | C31: Sales Executive | D31: Male | E31: 35 | F31: 45856 | H31: Active | I31: 42100 | J31: 2 | K31: 4 | L31: Yes | N31: =ROUND((IF(G31="",Analysis!$B$2,G31)-F31)/365.25,1) -> 1.3 | O31: =IF(G31="","",YEAR(G31)) | P31: =IF(E31<30,"<30",IF(E31<40,"30-39","40+")) -> 30-39
A32: E1019 | B32: Sales | C32: Sales Executive | D32: Female | E32: 31 | F32: 45859 | G32: 46178 | H32: Left | I32: 42200 | J32: 2 | K32: 4 | L32: No | M32: Career Growth | N32: =ROUND((IF(G32="",Analysis!$B$2,G32)-F32)/365.25,1) -> 0.9 | O32: =IF(G32="","",YEAR(G32)) -> 2026 | P32: =IF(E32<30,"<30",IF(E32<40,"30-39","40+")) -> 30-39
A33: E1309 | B33: HR | C33: HR Executive | D33: Female | E33: 21 | F33: 45806 | G33: 45940 | H33: Left | I33: 43500 | J33: 2 | K33: 2 | L33: Yes | M33: Career Growth | N33: =ROUND((IF(G33="",Analysis!$B$2,G33)-F33)/365.25,1) -> 0.4 | O33: =IF(G33="","",YEAR(G33)) -> 2025 | P33: =IF(E33<30,"<30",IF(E33<40,"30-39","40+")) -> <30
A34: E1136 | B34: Customer Support | C34: Team Lead | D34: Male | E34: 28 | F34: 45812 | H34: Active | I34: 43900 | J34: 2 | K34: 4 | L34: No | N34: =ROUND((IF(G34="",Analysis!$B$2,G34)-F34)/365.25,1) -> 1.4 | O34: =IF(G34="","",YEAR(G34)) | P34: =IF(E34<30,"<30",IF(E34<40,"30-39","40+")) -> <30
A35: E1027 | B35: Sales | C35: Sales Executive | D35: Male | E35: 31 | F35: 43401 | G35: 45716 | H35: Left | I35: 44100 | J35: 2 | K35: 3 | L35: No | M35: Higher Studies | N35: =ROUND((IF(G35="",Analysis!$B$2,G35)-F35)/365.25,1) -> 6.3 | O35: =IF(G35="","",YEAR(G35)) -> 2025 | P35: =IF(E35<30,"<30",IF(E35<40,"30-39","40+")) -> 30-39
A36: E1208 | B36: Customer Support | C36: Team Lead | D36: Male | E36: 28 | F36: 45249 | H36: Active | I36: 44400 | J36: 2 | K36: 3 | L36: Yes | N36: =ROUND((IF(G36="",Analysis!$B$2,G36)-F36)/365.25,1) -> 2.9 | O36: =IF(G36="","",YEAR(G36)) | P36: =IF(E36<30,"<30",IF(E36<40,"30-39","40+")) -> <30
A37: E1476 | B37: Operations | C37: Operations Associate | D37: Female | E37: 34 | F37: 43254 | H37: Active | I37: 46900 | J37: 2 | K37: 4 | L37: No | N37: =ROUND((IF(G37="",Analysis!$B$2,G37)-F37)/365.25,1) -> 8.4 | O37: =IF(G37="","",YEAR(G37)) | P37: =IF(E37<30,"<30",IF(E37<40,"30-39","40+")) -> 30-39
A38: E1077 | B38: Sales | C38: Sales Executive | D38: Male | E38: 34 | F38: 44963 | H38: Active | I38: 48600 | J38: 2 | K38: 3 | L38: Yes | N38: =ROUND((IF(G38="",Analysis!$B$2,G38)-F38)/365.25,1) -> 3.7 | O38: =IF(G38="","",YEAR(G38)) | P38: =IF(E38<30,"<30",IF(E38<40,"30-39","40+")) -> 30-39
A39: E1061 | B39: Sales | C39: Sales Executive | D39: Male | E39: 31 | F39: 45377 | H39: Active | I39: 49100 | J39: 2 | K39: 5 | L39: Yes | N39: =ROUND((IF(G39="",Analysis!$B$2,G39)-F39)/365.25,1) -> 2.6 | O39: =IF(G39="","",YEAR(G39)) | P39: =IF(E39<30,"<30",IF(E39<40,"30-39","40+")) -> 30-39
A40: E1453 | B40: Operations | C40: Supervisor | D40: Female | E40: 33 | F40: 43429 | H40: Active | I40: 49300 | J40: 2 | K40: 5 | L40: No | N40: =ROUND((IF(G40="",Analysis!$B$2,G40)-F40)/365.25,1) -> 7.9 | O40: =IF(G40="","",YEAR(G40)) | P40: =IF(E40<30,"<30",IF(E40<40,"30-39","40+")) -> 30-39
A41: E1341 | B41: Finance | C41: Accountant | D41: Female | E41: 26 | F41: 44027 | G41: 45308 | H41: Left | I41: 50600 | J41: 2 | K41: 3 | L41: No | M41: Relocation | N41: =ROUND((IF(G41="",Analysis!$B$2,G41)-F41)/365.25,1) -> 3.5 | O41: =IF(G41="","",YEAR(G41)) -> 2024 | P41: =IF(E41<30,"<30",IF(E41<40,"30-39","40+")) -> <30
A42: E1067 | B42: Sales | C42: Sales Executive | D42: Male | E42: 31 | F42: 43568 | H42: Active | I42: 51000 | J42: 2 | K42: 3 | L42: No | N42: =ROUND((IF(G42="",Analysis!$B$2,G42)-F42)/365.25,1) -> 7.5 | O42: =IF(G42="","",YEAR(G42)) | P42: =IF(E42<30,"<30",IF(E42<40,"30-39","40+")) -> 30-39
A43: E1353 | B43: Finance | C43: Accountant | D43: Female | E43: 30 | F43: 45758 | H43: Active | I43: 51400 | J43: 2 | K43: 2 | L43: No | N43: =ROUND((IF(G43="",Analysis!$B$2,G43)-F43)/365.25,1) -> 1.5 | O43: =IF(G43="","",YEAR(G43)) | P43: =IF(E43<30,"<30",IF(E43<40,"30-39","40+")) -> 30-39
A44: E1343 | B44: Finance | C44: Accountant | D44: Female | E44: 32 | F44: 43179 | H44: Active | I44: 51800 | J44: 2 | K44: 4 | L44: Yes | N44: =ROUND((IF(G44="",Analysis!$B$2,G44)-F44)/365.25,1) -> 8.6 | O44: =IF(G44="","",YEAR(G44)) | P44: =IF(E44<30,"<30",IF(E44<40,"30-39","40+")) -> 30-39
A45: E1165 | B45: Customer Support | C45: Team Lead | D45: Male | E45: 44 | F45: 45409 | H45: Active | I45: 52400 | J45: 2 | K45: 5 | L45: Yes | N45: =ROUND((IF(G45="",Analysis!$B$2,G45)-F45)/365.25,1) -> 2.5 | O45: =IF(G45="","",YEAR(G45)) | P45: =IF(E45<30,"<30",IF(E45<40,"30-39","40+")) -> 40+
A46: E1023 | B46: Sales | C46: Account Manager | D46: Male | E46: 32 | F46: 43735 | H46: Active | I46: 52900 | J46: 2 | K46: 2 | L46: Yes | N46: =ROUND((IF(G46="",Analysis!$B$2,G46)-F46)/365.25,1) -> 7.1 | O46: =IF(G46="","",YEAR(G46)) | P46: =IF(E46<30,"<30",IF(E46<40,"30-39","40+")) -> 30-39
A47: E1095 | B47: Sales | C47: Account Manager | D47: Female | E47: 38 | F47: 44906 | G47: 46100 | H47: Left | I47: 55400 | J47: 2 | K47: 3 | L47: Yes | M47: Work-Life Balance | N47: =ROUND((IF(G47="",Analysis!$B$2,G47)-F47)/365.25,1) -> 3.3 | O47: =IF(G47="","",YEAR(G47)) -> 2026 | P47: =IF(E47<30,"<30",IF(E47<40,"30-39","40+")) -> 30-39
A48: E1164 | B48: Customer Support | C48: Support Analyst | D48: Female | E48: 31 | F48: 43613 | H48: Active | I48: 55600 | J48: 2 | K48: 4 | L48: No | N48: =ROUND((IF(G48="",Analysis!$B$2,G48)-F48)/365.25,1) -> 7.4 | O48: =IF(G48="","",YEAR(G48)) | P48: =IF(E48<30,"<30",IF(E48<40,"30-39","40+")) -> 30-39
A49: E1431 | B49: Operations | C49: Logistics Coordinator | D49: Male | E49: 35 | F49: 44730 | H49: Active | I49: 58600 | J49: 2 | K49: 4 | L49: Yes | N49: =ROUND((IF(G49="",Analysis!$B$2,G49)-F49)/365.25,1) -> 4.4 | O49: =IF(G49="","",YEAR(G49)) | P49: =IF(E49<30,"<30",IF(E49<40,"30-39","40+")) -> 30-39
A50: E1536 | B50: Marketing | C50: Marketing Executive | D50: Female | E50: 22 | F50: 45345 | H50: Active | I50: 59000 | J50: 2 | K50: 3 | L50: Yes | N50: =ROUND((IF(G50="",Analysis!$B$2,G50)-F50)/365.25,1) -> 2.7 | O50: =IF(G50="","",YEAR(G50)) | P50: =IF(E50<30,"<30",IF(E50<40,"30-39","40+")) -> <30
A51: E1114 | B51: Customer Support | C51: Support Analyst | D51: Female | E51: 21 | F51: 43734 | H51: Active | I51: 59900 | J51: 2 | K51: 2 | L51: No | N51: =ROUND((IF(G51="",Analysis!$B$2,G51)-F51)/365.25,1) -> 7.1 | O51: =IF(G51="","",YEAR(G51)) | P51: =IF(E51<30,"<30",IF(E51<40,"30-39","40+")) -> <30
A52: E1291 | B52: IT | C52: Software Engineer | D52: Male | E52: 21 | F52: 44625 | G52: 46037 | H52: Left | I52: 60000 | J52: 2 | K52: 5 | L52: No | M52: Relocation | N52: =ROUND((IF(G52="",Analysis!$B$2,G52)-F52)/365.25,1) -> 3.9 | O52: =IF(G52="","",YEAR(G52)) -> 2026 | P52: =IF(E52<30,"<30",IF(E52<40,"30-39","40+")) -> <30
A53: E1467 | B53: Operations | C53: Logistics Coordinator | D53: Male | E53: 27 | F53: 45627 | H53: Active | I53: 60100 | J53: 2 | K53: 1 | L53: Yes | N53: =ROUND((IF(G53="",Analysis!$B$2,G53)-F53)/365.25,1) -> 1.9 | O53: =IF(G53="","",YEAR(G53)) | P53: =IF(E53<30,"<30",IF(E53<40,"30-39","40+")) -> <30
A54: E1116 | B54: Customer Support | C54: Support Analyst | D54: Male | E54: 31 | F54: 44492 | G54: 45878 | H54: Left | I54: 60600 | J54: 2 | K54: 2 | L54: No | M54: Better Salary Elsewhere | N54: =ROUND((IF(G54="",Analysis!$B$2,G54)-F54)/365.25,1) -> 3.8 | O54: =IF(G54="","",YEAR(G54)) -> 2025 | P54: =IF(E54<30,"<30",IF(E54<40,"30-39","40+")) -> 30-39
A55: E1125 | B55: Customer Support | C55: Support Analyst | D55: Female | E55: 33 | F55: 43700 | H55: Active | I55: 62600 | J55: 2 | K55: 2 | L55: Yes | N55: =ROUND((IF(G55="",Analysis!$B$2,G55)-F55)/365.25,1) -> 7.2 | O55: =IF(G55="","",YEAR(G55)) | P55: =IF(E55<30,"<30",IF(E55<40,"30-39","40+")) -> 30-39
A56: E1344 | B56: Finance | C56: Accountant | D56: Other | E56: 23 | F56: 45723 | H56: Active | I56: 62700 | J56: 2 | K56: 3 | L56: Yes | N56: =ROUND((IF(G56="",Analysis!$B$2,G56)-F56)/365.25,1) -> 1.6 | O56: =IF(G56="","",YEAR(G56)) | P56: =IF(E56<30,"<30",IF(E56<40,"30-39","40+")) -> <30
A57: E1128 | B57: Customer Support | C57: Support Analyst | D57: Male | E57: 29 | F57: 43415 | H57: Active | I57: 62900 | J57: 2 | K57: 5 | L57: No | N57: =ROUND((IF(G57="",Analysis!$B$2,G57)-F57)/365.25,1) -> 8 | O57: =IF(G57="","",YEAR(G57)) | P57: =IF(E57<30,"<30",IF(E57<40,"30-39","40+")) -> <30
A58: E1345 | B58: Finance | C58: Accountant | D58: Male | E58: 32 | F58: 45926 | H58: Active | I58: 63400 | J58: 2 | K58: 3 | L58: Yes | N58: =ROUND((IF(G58="",Analysis!$B$2,G58)-F58)/365.25,1) -> 1.1 | O58: =IF(G58="","",YEAR(G58)) | P58: =IF(E58<30,"<30",IF(E58<40,"30-39","40+")) -> 30-39
A59: E1142 | B59: Customer Support | C59: Support Analyst | D59: Female | E59: 22 | F59: 44636 | H59: Active | I59: 65900 | J59: 2 | K59: 3 | L59: Yes | N59: =ROUND((IF(G59="",Analysis!$B$2,G59)-F59)/365.25,1) -> 4.6 | O59: =IF(G59="","",YEAR(G59)) | P59: =IF(E59<30,"<30",IF(E59<40,"30-39","40+")) -> <30
A60: E1272 | B60: IT | C60: Software Engineer | D60: Male | E60: 37 | F60: 43438 | H60: Active | I60: 67100 | J60: 2 | K60: 3 | L60: No | N60: =ROUND((IF(G60="",Analysis!$B$2,G60)-F60)/365.25,1) -> 7.9 | O60: =IF(G60="","",YEAR(G60)) | P60: =IF(E60<30,"<30",IF(E60<40,"30-39","40+")) -> 30-39
A61: E1103 | B61: Sales | C61: Sales Manager | D61: Male | E61: 37 | F61: 43349 | H61: Active | I61: 70700 | J61: 2 | K61: 2 | L61: No | N61: =ROUND((IF(G61="",Analysis!$B$2,G61)-F61)/365.25,1) -> 8.1 | O61: =IF(G61="","",YEAR(G61)) | P61: =IF(E61<30,"<30",IF(E61<40,"30-39","40+")) -> 30-39
A62: E1534 | B62: Marketing | C62: Content Specialist | D62: Male | E62: 39 | F62: 44957 | G62: 45760 | H62: Left | I62: 71000 | J62: 2 | K62: 1 | L62: No | M62: Work-Life Balance | N62: =ROUND((IF(G62="",Analysis!$B$2,G62)-F62)/365.25,1) -> 2.2 | O62: =IF(G62="","",YEAR(G62)) -> 2025 | P62: =IF(E62<30,"<30",IF(E62<40,"30-39","40+")) -> 30-39
A63: E1555 | B63: Marketing | C63: Content Specialist | D63: Male | E63: 36 | F63: 43323 | H63: Active | I63: 71400 | J63: 2 | K63: 4 | L63: No | N63: =ROUND((IF(G63="",Analysis!$B$2,G63)-F63)/365.25,1) -> 8.2 | O63: =IF(G63="","",YEAR(G63)) | P63: =IF(E63<30,"<30",IF(E63<40,"30-39","40+")) -> 30-39
A64: E1513 | B64: Marketing | C64: Content Specialist | D64: Male | E64: 36 | F64: 45355 | H64: Active | I64: 72600 | J64: 2 | K64: 3 | L64: Yes | N64: =ROUND((IF(G64="",Analysis!$B$2,G64)-F64)/365.25,1) -> 2.6 | O64: =IF(G64="","",YEAR(G64)) | P64: =IF(E64<30,"<30",IF(E64<40,"30-39","40+")) -> 30-39
A65: E1080 | B65: Sales | C65: Sales Manager | D65: Female | E65: 22 | F65: 44991 | H65: Active | I65: 72800 | J65: 2 | K65: 4 | L65: No | N65: =ROUND((IF(G65="",Analysis!$B$2,G65)-F65)/365.25,1) -> 3.6 | O65: =IF(G65="","",YEAR(G65)) | P65: =IF(E65<30,"<30",IF(E65<40,"30-39","40+")) -> <30
A66: E1012 | B66: Sales | C66: Sales Manager | D66: Male | E66: 42 | F66: 45151 | H66: Active | I66: 73000 | J66: 2 | K66: 3 | L66: No | N66: =ROUND((IF(G66="",Analysis!$B$2,G66)-F66)/365.25,1) -> 3.2 | O66: =IF(G66="","",YEAR(G66)) | P66: =IF(E66<30,"<30",IF(E66<40,"30-39","40+")) -> 40+
A67: E1441 | B67: Operations | C67: Logistics Coordinator | D67: Male | E67: 33 | F67: 44796 | G67: 45227 | H67: Left | I67: 74500 | J67: 2 | K67: 5 | L67: Yes | M67: Relocation | N67: =ROUND((IF(G67="",Analysis!$B$2,G67)-F67)/365.25,1) -> 1.2 | O67: =IF(G67="","",YEAR(G67)) -> 2023 | P67: =IF(E67<30,"<30",IF(E67<40,"30-39","40+")) -> 30-39
A68: E1222 | B68: IT | C68: Software Engineer | D68: Female | E68: 45 | F68: 44761 | H68: Active | I68: 76700 | J68: 2 | K68: 4 | L68: No | N68: =ROUND((IF(G68="",Analysis!$B$2,G68)-F68)/365.25,1) -> 4.3 | O68: =IF(G68="","",YEAR(G68)) | P68: =IF(E68<30,"<30",IF(E68<40,"30-39","40+")) -> 40+
A69: E1522 | B69: Marketing | C69: Content Specialist | D69: Female | E69: 30 | F69: 45439 | G69: 45561 | H69: Left | I69: 77000 | J69: 2 | K69: 2 | L69: No | M69: Career Growth | N69: =ROUND((IF(G69="",Analysis!$B$2,G69)-F69)/365.25,1) -> 0.3 | O69: =IF(G69="","",YEAR(G69)) -> 2024 | P69: =IF(E69<30,"<30",IF(E69<40,"30-39","40+")) -> 30-39
A70: E1014 | B70: Sales | C70: Sales Manager | D70: Female | E70: 32 | F70: 43338 | G70: 45609 | H70: Left | I70: 78000 | J70: 2 | K70: 4 | L70: Yes | M70: Personal Reasons | N70: =ROUND((IF(G70="",Analysis!$B$2,G70)-F70)/365.25,1) -> 6.2 | O70: =IF(G70="","",YEAR(G70)) -> 2024 | P70: =IF(E70<30,"<30",IF(E70<40,"30-39","40+")) -> 30-39
A71: E1494 | B71: Operations | C71: Logistics Coordinator | D71: Male | E71: 39 | F71: 44862 | H71: Active | I71: 79600 | J71: 2 | K71: 5 | L71: No | N71: =ROUND((IF(G71="",Analysis!$B$2,G71)-F71)/365.25,1) -> 4 | O71: =IF(G71="","",YEAR(G71)) | P71: =IF(E71<30,"<30",IF(E71<40,"30-39","40+")) -> 30-39
A72: E1290 | B72: IT | C72: Software Engineer | D72: Female | E72: 29 | F72: 44993 | H72: Active | I72: 79800 | J72: 2 | K72: 4 | L72: Yes | N72: =ROUND((IF(G72="",Analysis!$B$2,G72)-F72)/365.25,1) -> 3.6 | O72: =IF(G72="","",YEAR(G72)) | P72: =IF(E72<30,"<30",IF(E72<40,"30-39","40+")) -> <30
A73: E1545 | B73: Marketing | C73: Content Specialist | D73: Male | E73: 28 | F73: 45795 | H73: Active | I73: 81600 | J73: 2 | K73: 5 | L73: No | N73: =ROUND((IF(G73="",Analysis!$B$2,G73)-F73)/365.25,1) -> 1.4 | O73: =IF(G73="","",YEAR(G73)) | P73: =IF(E73<30,"<30",IF(E73<40,"30-39","40+")) -> <30
A74: E1032 | B74: Sales | C74: Sales Manager | D74: Male | E74: 28 | F74: 44566 | G74: 45927 | H74: Left | I74: 88700 | J74: 2 | K74: 2 | L74: Yes | M74: Work-Life Balance | N74: =ROUND((IF(G74="",Analysis!$B$2,G74)-F74)/365.25,1) -> 3.7 | O74: =IF(G74="","",YEAR(G74)) -> 2025 | P74: =IF(E74<30,"<30",IF(E74<40,"30-39","40+")) -> <30
A75: E1349 | B75: Finance | C75: Finance Manager | D75: Female | E75: 30 | F75: 43711 | H75: Active | I75: 91800 | J75: 2 | K75: 4 | L75: No | N75: =ROUND((IF(G75="",Analysis!$B$2,G75)-F75)/365.25,1) -> 7.1 | O75: =IF(G75="","",YEAR(G75)) | P75: =IF(E75<30,"<30",IF(E75<40,"30-39","40+")) -> 30-39
A76: E1339 | B76: Finance | C76: Financial Analyst | D76: Male | E76: 26 | F76: 45106 | H76: Active | I76: 93000 | J76: 2 | K76: 4 | L76: No | N76: =ROUND((IF(G76="",Analysis!$B$2,G76)-F76)/365.25,1) -> 3.3 | O76: =IF(G76="","",YEAR(G76)) | P76: =IF(E76<30,"<30",IF(E76<40,"30-39","40+")) -> <30
A77: E1560 | B77: Marketing | C77: Brand Manager | D77: Male | E77: 33 | F77: 43891 | H77: Active | I77: 95500 | J77: 2 | K77: 4 | L77: Yes | N77: =ROUND((IF(G77="",Analysis!$B$2,G77)-F77)/365.25,1) -> 6.7 | O77: =IF(G77="","",YEAR(G77)) | P77: =IF(E77<30,"<30",IF(E77<40,"30-39","40+")) -> 30-39
A78: E1391 | B78: Finance | C78: Finance Manager | D78: Male | E78: 33 | F78: 43843 | H78: Active | I78: 99700 | J78: 2 | K78: 4 | L78: No | N78: =ROUND((IF(G78="",Analysis!$B$2,G78)-F78)/365.25,1) -> 6.8 | O78: =IF(G78="","",YEAR(G78)) | P78: =IF(E78<30,"<30",IF(E78<40,"30-39","40+")) -> 30-39
A79: E1539 | B79: Marketing | C79: Brand Manager | D79: Female | E79: 38 | F79: 44442 | H79: Active | I79: 100200 | J79: 2 | K79: 4 | L79: No | N79: =ROUND((IF(G79="",Analysis!$B$2,G79)-F79)/365.25,1) -> 5.1 | O79: =IF(G79="","",YEAR(G79)) | P79: =IF(E79<30,"<30",IF(E79<40,"30-39","40+")) -> 30-39
A80: E1301 | B80: HR | C80: HR Manager | D80: Female | E80: 42 | F80: 45501 | H80: Active | I80: 100800 | J80: 2 | K80: 3 | L80: Yes | N80: =ROUND((IF(G80="",Analysis!$B$2,G80)-F80)/365.25,1) -> 2.2 | O80: =IF(G80="","",YEAR(G80)) | P80: =IF(E80<30,"<30",IF(E80<40,"30-39","40+")) -> 40+
A81: E1265 | B81: IT | C81: Data Analyst | D81: Male | E81: 34 | F81: 43523 | H81: Active | I81: 101500 | J81: 2 | K81: 5 | L81: Yes | N81: =ROUND((IF(G81="",Analysis!$B$2,G81)-F81)/365.25,1) -> 7.7 | O81: =IF(G81="","",YEAR(G81)) | P81: =IF(E81<30,"<30",IF(E81<40,"30-39","40+")) -> 30-39
A82: E1389 | B82: Finance | C82: Finance Manager | D82: Female | E82: 42 | F82: 43146 | H82: Active | I82: 102700 | J82: 2 | K82: 4 | L82: No | N82: =ROUND((IF(G82="",Analysis!$B$2,G82)-F82)/365.25,1) -> 8.7 | O82: =IF(G82="","",YEAR(G82)) | P82: =IF(E82<30,"<30",IF(E82<40,"30-39","40+")) -> 40+
A83: E1229 | B83: IT | C83: IT Support | D83: Female | E83: 40 | F83: 46130 | G83: 46275 | H83: Left | I83: 105400 | J83: 2 | K83: 3 | L83: No | M83: Relocation | N83: =ROUND((IF(G83="",Analysis!$B$2,G83)-F83)/365.25,1) -> 0.4 | O83: =IF(G83="","",YEAR(G83)) -> 2026 | P83: =IF(E83<30,"<30",IF(E83<40,"30-39","40+")) -> 40+
A84: E1226 | B84: IT | C84: Data Analyst | D84: Female | E84: 42 | F84: 45152 | H84: Active | I84: 108100 | J84: 2 | K84: 3 | L84: No | N84: =ROUND((IF(G84="",Analysis!$B$2,G84)-F84)/365.25,1) -> 3.2 | O84: =IF(G84="","",YEAR(G84)) | P84: =IF(E84<30,"<30",IF(E84<40,"30-39","40+")) -> 40+
A85: E1363 | B85: Finance | C85: Finance Manager | D85: Male | E85: 34 | F85: 45344 | H85: Active | I85: 109400 | J85: 2 | K85: 4 | L85: No | N85: =ROUND((IF(G85="",Analysis!$B$2,G85)-F85)/365.25,1) -> 2.7 | O85: =IF(G85="","",YEAR(G85)) | P85: =IF(E85<30,"<30",IF(E85<40,"30-39","40+")) -> 30-39
A86: E1355 | B86: Finance | C86: Finance Manager | D86: Male | E86: 32 | F86: 45100 | H86: Active | I86: 113800 | J86: 2 | K86: 3 | L86: Yes | N86: =ROUND((IF(G86="",Analysis!$B$2,G86)-F86)/365.25,1) -> 3.3 | O86: =IF(G86="","",YEAR(G86)) | P86: =IF(E86<30,"<30",IF(E86<40,"30-39","40+")) -> 30-39
A87: E1260 | B87: IT | C87: DevOps Engineer | D87: Female | E87: 25 | F87: 44508 | H87: Active | I87: 122800 | J87: 2 | K87: 4 | L87: No | N87: =ROUND((IF(G87="",Analysis!$B$2,G87)-F87)/365.25,1) -> 5 | O87: =IF(G87="","",YEAR(G87)) | P87: =IF(E87<30,"<30",IF(E87<40,"30-39","40+")) -> <30
A88: E1246 | B88: IT | C88: IT Support | D88: Female | E88: 39 | F88: 45546 | H88: Active | I88: 136400 | J88: 2 | K88: 3 | L88: No | N88: =ROUND((IF(G88="",Analysis!$B$2,G88)-F88)/365.25,1) -> 2.1 | O88: =IF(G88="","",YEAR(G88)) | P88: =IF(E88<30,"<30",IF(E88<40,"30-39","40+")) -> 30-39
A89: E1230 | B89: IT | C89: IT Support | D89: Male | E89: 30 | F89: 43524 | G89: 45308 | H89: Left | I89: 137100 | J89: 2 | K89: 3 | L89: Yes | M89: Relocation | N89: =ROUND((IF(G89="",Analysis!$B$2,G89)-F89)/365.25,1) -> 4.9 | O89: =IF(G89="","",YEAR(G89)) -> 2024 | P89: =IF(E89<30,"<30",IF(E89<40,"30-39","40+")) -> 30-39
A90: E1267 | B90: IT | C90: DevOps Engineer | D90: Female | E90: 32 | F90: 43456 | G90: 44680 | H90: Left | I90: 137800 | J90: 2 | K90: 2 | L90: No | M90: Work-Life Balance | N90: =ROUND((IF(G90="",Analysis!$B$2,G90)-F90)/365.25,1) -> 3.4 | O90: =IF(G90="","",YEAR(G90)) -> 2022 | P90: =IF(E90<30,"<30",IF(E90<40,"30-39","40+")) -> 30-39
A91: E1300 | B91: IT | C91: IT Support | D91: Female | E91: 32 | F91: 45503 | H91: Active | I91: 141200 | J91: 2 | K91: 2 | L91: No | N91: =ROUND((IF(G91="",Analysis!$B$2,G91)-F91)/365.25,1) -> 2.2 | O91: =IF(G91="","",YEAR(G91)) | P91: =IF(E91<30,"<30",IF(E91<40,"30-39","40+")) -> 30-39
A92: E1292 | B92: IT | C92: DevOps Engineer | D92: Female | E92: 24 | F92: 44459 | H92: Active | I92: 163200 | J92: 2 | K92: 5 | L92: Yes | N92: =ROUND((IF(G92="",Analysis!$B$2,G92)-F92)/365.25,1) -> 5.1 | O92: =IF(G92="","",YEAR(G92)) | P92: =IF(E92<30,"<30",IF(E92<40,"30-39","40+")) -> <30
A93: E1280 | B93: IT | C93: DevOps Engineer | D93: Male | E93: 35 | F93: 45213 | H93: Active | I93: 165500 | J93: 2 | K93: 5 | L93: No | N93: =ROUND((IF(G93="",Analysis!$B$2,G93)-F93)/365.25,1) -> 3 | O93: =IF(G93="","",YEAR(G93)) | P93: =IF(E93<30,"<30",IF(E93<40,"30-39","40+")) -> 30-39
A94: E1205 | B94: Customer Support | C94: Support Agent | D94: Female | E94: 35 | F94: 44103 | H94: Active | I94: 32400 | J94: 3 | K94: 3 | L94: No | N94: =ROUND((IF(G94="",Analysis!$B$2,G94)-F94)/365.25,1) -> 6.1 | O94: =IF(G94="","",YEAR(G94)) | P94: =IF(E94<30,"<30",IF(E94<40,"30-39","40+")) -> 30-39
A95: E1135 | B95: Customer Support | C95: Support Agent | D95: Male | E95: 33 | F95: 44586 | G95: 46290 | H95: Left | I95: 32600 | J95: 3 | K95: 5 | L95: Yes | M95: Better Salary Elsewhere | N95: =ROUND((IF(G95="",Analysis!$B$2,G95)-F95)/365.25,1) -> 4.7 | O95: =IF(G95="","",YEAR(G95)) -> 2026 | P95: =IF(E95<30,"<30",IF(E95<40,"30-39","40+")) -> 30-39
A96: E1140 | B96: Customer Support | C96: Support Agent | D96: Male | E96: 30 | F96: 45372 | H96: Active | I96: 34200 | J96: 3 | K96: 4 | L96: No | N96: =ROUND((IF(G96="",Analysis!$B$2,G96)-F96)/365.25,1) -> 2.6 | O96: =IF(G96="","",YEAR(G96)) | P96: =IF(E96<30,"<30",IF(E96<40,"30-39","40+")) -> 30-39
A97: E1443 | B97: Operations | C97: Operations Associate | D97: Female | E97: 39 | F97: 44368 | H97: Active | I97: 34400 | J97: 3 | K97: 4 | L97: Yes | N97: =ROUND((IF(G97="",Analysis!$B$2,G97)-F97)/365.25,1) -> 5.3 | O97: =IF(G97="","",YEAR(G97)) | P97: =IF(E97<30,"<30",IF(E97<40,"30-39","40+")) -> 30-39
A98: E1132 | B98: Customer Support | C98: Support Agent | D98: Female | E98: 23 | F98: 46065 | H98: Active | I98: 34800 | J98: 3 | K98: 5 | L98: No | N98: =ROUND((IF(G98="",Analysis!$B$2,G98)-F98)/365.25,1) -> 0.7 | O98: =IF(G98="","",YEAR(G98)) | P98: =IF(E98<30,"<30",IF(E98<40,"30-39","40+")) -> <30
A99: E1131 | B99: Customer Support | C99: Support Agent | D99: Female | E99: 35 | F99: 44687 | H99: Active | I99: 34800 | J99: 3 | K99: 3 | L99: No | N99: =ROUND((IF(G99="",Analysis!$B$2,G99)-F99)/365.25,1) -> 4.5 | O99: =IF(G99="","",YEAR(G99)) | P99: =IF(E99<30,"<30",IF(E99<40,"30-39","40+")) -> 30-39
A100: E1439 | B100: Operations | C100: Operations Associate | D100: Female | E100: 27 | F100: 43787 | H100: Active | I100: 35100 | J100: 3 | K100: 5 | L100: No | N100: =ROUND((IF(G100="",Analysis!$B$2,G100)-F100)/365.25,1) -> 6.9 | O100: =IF(G100="","",YEAR(G100)) | P100: =IF(E100<30,"<30",IF(E100<40,"30-39","40+")) -> <30
...
